Index,Type,Introduction,Body,CTA,Conclusion,Response(Y/N),Cleaned_Body,Generated Email
1,Cold Email,"Hi Matthew,","I hope you've had a great week thus far. My name is Shreyas and I am a rising senior studying finance at Bentley University. I am interested in pursuing full time opportunities in investment banking and would love to learn more about your background and experience at Houlihan Lokey. If you have the time, I would greatly appreciate the chance to connect over the phone sometime in the coming weeks. I assume your schedule is very busy, so please let me know if you have any availability in the near future.",Thank you in advance for your time and I look forward to hearing from you!,"Best, Shreyas",N,hope had a great week thus name is shreyas and am a rising senior studying finance at bentley am interested in pursuing full time opportunities in investment banking and would love to learn more about background and experience at houlihan if have the would greatly appreciate the chance to connect over the phone sometime in the coming assume schedule is very so please let know if have any availability in the near,"Hi Matthew, Body: I hope you've had a great week thus far. My name is Shreyas and I am a rising senior studying finance at Bentley University. I am interested in pursuing full time opportunities in investment banking and would love to learn more about your background and experience at Houlihan Lokey."
2,Cold Email,"Hi Daniel,","I hope you're having a great week so far! My name is Shreyas Kumar and I am a junior pursuing both my bachelor's and master's degree in finance at Bentley University. I am eager to enter the investment banking industry full time and would be grateful for the opportunity to speak with you about your experiences at Baird on the Defense & Government team. I was wondering whether you would be available for a ~10-15 minute phone call in the coming weeks. I understand you must be very busy, but if you're willing, I'd be more than happy to find a time that works best for your schedule.",I have attached my resume for your reference. Thank you for your time and consideration!,"Best, Shreyas",Y,hope having a great week so name is shreyas kumar and am a junior pursuing both and degree in finance at bentley am eager to enter the investment banking industry full time and would be grateful for the opportunity to speak with about experiences at baird on the defense government was wondering whether would be available for a minute phone call in the coming understand must be very but if be more than happy to find a time that works best for,I hope you're having a great week so far! I am a junior pursuing both my bachelor's and master's degree in finance at Bentley University. I am eager to enter the investment banking industry full time and would be grateful for the opportunity to speak with you about your experiences at Baird on the Defense & Government team.
3,Cold Email,"Hi Isabelle,","I hope you've had a great week thus far. My name is Shreyas and I am a rising senior studying finance at Bentley University. I also recently interned at Citizens in the FACT program. I am interested in pursuing full time opportunities in investment banking and would love to learn more about your background and experience in Debt Capital Markets at Citizens Bank. If you have the time, I would greatly appreciate the chance to connect over the phone sometime in the coming weeks. I assume your schedule is very busy, so please let me know if you have any availability in the near future.",Thank you in advance for your time and I look forward to hearing from you!,"Best, Shreyas",N,hope had a great week thus name is shreyas and am a rising senior studying finance at bentley also recently interned at citizens in the fact am interested in pursuing full time opportunities in investment banking and would love to learn more about background and experience in debt capital markets at citizens if have the would greatly appreciate the chance to connect over the phone sometime in the coming assume schedule is very so please let know if have any availability in the near,I hope you've had a great week thus far. My name is Shreyas and I am a rising senior studying finance at Bentley University. I also recently interned at Citizens in the FACT program. I am interested in pursuing full time opportunities in investment banking and would love to learn more about your background and experience in Debt Capital Markets at Citizens Bank.
4,Cold Email,"Dear Mr. Yamson,","I hope you're having a great week so far! My name is Shreyas Kumar, and I am currently a rising senior at Bentley University, pursuing a Master of Science in Finance. As I explore full-time opportunities in investment banking, I would greatly appreciate the chance to connect with you. I will be in New York from September 9th to 13th and was wondering if you might have time for a brief coffee chat near the Stifel office. I would love to learn more about your career journey and how you successfully navigated the investment banking industry. I understand you have a busy schedule, so if a coffee meeting is not convenient, a quick phone call would also work perfectly for me. I’ve attached my resume for your reference and would be delighted to connect at your convenience.",Thank you for considering my request. I look forward to the possibility of speaking with you in New York!,"Best, Shreyas",N,hope having a great week so name is shreyas and am currently a rising senior at bentley pursuing a master of science in as explore opportunities in investment would greatly appreciate the chance to connect with will be in new york from september to and was wondering if might have time for a brief coffee chat near the stifel would love to learn more about career journey and how successfully navigated the investment banking understand have a busy so if a coffee meeting is not a quick phone call would also work perfectly for attached resume for reference and would be delighted to connect at,"Kumar, Body: I hope you're having a great week so far! Conclusion: Best, Shreyas Kumar, and I am currently a rising senior at Bentley University, pursuing a Master of Science in Finance. I would greatly appreciate the chance to connect with you. I will be in New York from September 9th to 13th and was wondering if you might have time for a brief coffee chat near the Stifel office."
5,Cold Email,"Hi Utsav,","I hope you've had a great week thus far. My name is Shreyas and I am a rising senior studying finance at Bentley University. I am interested in pursuing full time opportunities in investment banking and would love to learn more about your background and experience at RBC Capital Markets. I will be in New York from September 9th to 13th and was wondering if you might have time for a brief coffee chat near the RBC office. I assume your schedule is very busy, so if a coffee meeting is not convenient, a quick phone call would also work perfectly for me. My schedule is flexible so let me know what time works best for you.",Thank you in advance for your time and I look forward to hearing from you!,"Best, Shreyas",N,hope had a great week thus name is shreyas and am a rising senior studying finance at bentley am interested in pursuing full time opportunities in investment banking and would love to learn more about background and experience at rbc capital will be in new york from september to and was wondering if might have time for a brief coffee chat near the rbc assume schedule is very so if a coffee meeting is not a quick phone call would also work perfectly for schedule is flexible so let know what time works best for,"I hope you've had a great week thus far. Hi Utsav, Body: I hope you've had a great week thus far. My name is Shreyas and I am a rising senior studying finance at Bentley University. I am interested in pursuing full time opportunities in investment banking and would love to learn more about your background and experience at RBC Capital Markets. I am interested in pursuing full time opportunities in investment banking and would love to learn more about your background and experience at RBC Capital"
6,Cold Email,"Dear Mr. Rippstein,","I hope you've had a great week thus far. My name is Shreyas and I am a rising senior studying finance at Bentley University. I am interested in pursuing full time opportunities in investment banking and would love to learn more about your background and your extensive 25 years of experience at Piper Sandler. If you have the time, I would greatly appreciate the chance to connect over the phone sometime in the coming weeks. I assume your schedule is extremely busy, so please let me know if you have any availability in the near future.",Thank you in advance for your time and I look forward to hearing from you!,"Best, Shreyas",Y,hope had a great week thus name is shreyas and am a rising senior studying finance at bentley am interested in pursuing full time opportunities in investment banking and would love to learn more about background and extensive years of experience at piper if have the would greatly appreciate the chance to connect over the phone sometime in the coming assume schedule is extremely so please let know if have any availability in the near,", I hope you've had a great week thus far. I am a rising senior studying finance at Bentley University. I am interested in pursuing full time opportunities in investment banking and would love to learn more about your background and your extensive 25 years of experience at Piper Sandler."
7,Cold Email,"Dear Mr. Halpern,","I hope this email finds you well! My name is Shreyas Kumar, and I am currently a rising senior at Bentley University, pursuing a Master of Science in Finance. As I explore full-time opportunities in investment banking, I would greatly appreciate the chance to connect with you. I will be in New York from September 9th to 13th and was wondering if you might have time for a brief coffee chat near the Stifel office. I would love to learn more about your career journey and how you successfully navigated the investment banking industry. I understand you have a busy schedule, so if a coffee meeting is not convenient, a quick phone call would also work perfectly for me. I’ve attached my resume for your reference and would be delighted to connect at your convenience.",Thank you for considering my request. I look forward to the possibility of speaking with you in New York!,"Best, Shreyas",N,hope this email finds name is shreyas and am currently a rising senior at bentley pursuing a master of science in as explore opportunities in investment would greatly appreciate the chance to connect with will be in new york from september to and was wondering if might have time for a brief coffee chat near the stifel would love to learn more about career journey and how successfully navigated the investment banking understand have a busy so if a coffee meeting is not a quick phone call would also work perfectly for attached resume for reference and would be delighted to connect at,"Kumar, Body: I hope this email finds you well! Conclusion: Best, Shreyas Kumar, and I am currently a rising senior at Bentley University, pursuing a Master of Science in Finance. I would greatly appreciate the chance to connect with you. I will be in New York from September 9th to 13th and was wondering if you might have time for a brief coffee chat near the Stifel office."
8,Cold Email,"Hi Melina,","I hope you've had a great week so far! My name is Shreyas Kumar, a rising senior at Bentley University pursuing a bachelor's and master's degree in finance concurrently. After speaking with analysts at Nomura, I've become very interested in full-time opportunities with the bank's investment banking division. I wanted to ask when full-time applications would open for Nomura and what I could do to put myself in the best possible position to be selected for an interview with the bank.",Thank you in advance for your time and consideration. I look forward to hearing from you!,"Best, Shreyas",N,hope had a great week so name is shreyas a rising senior at bentley university pursuing a and degree in finance after speaking with analysts at become very interested in opportunities with the investment banking wanted to ask when applications would open for nomura and what could do to put in the best possible position to be selected for an interview with the,"I hope you've had a great week so far! Hi Melina, Body: I hope you've had a great week so far! I've been very interested in full-time opportunities with the bank's investment banking division. I wanted to ask when full-time applications would open for Nomura and what I could do to put myself in the best possible position to be selected for an interview with the bank."
9,Cold Email,"Hi Gracie,","I hope you've had a great week thus far. My name is Shreyas and I am a rising senior studying finance at Bentley University. I am interested in pursuing full time opportunities in investment banking and would love to learn more about your background and experience at RBC Capital Markets. If you have the time, I would greatly appreciate the chance to connect over the phone sometime in the coming weeks. I assume your schedule is very busy, so please let me know if you have any availability in the near future.",Thank you in advance for your time and I look forward to hearing from you!,"Best, Shreyas",N,hope had a great week thus name is shreyas and am a rising senior studying finance at bentley am interested in pursuing full time opportunities in investment banking and would love to learn more about background and experience at rbc capital if have the would greatly appreciate the chance to connect over the phone sometime in the coming assume schedule is very so please let know if have any availability in the near,I hope you've had a great week thus far. My name is Shreyas and I am a rising senior studying finance at Bentley University. I am interested in pursuing full time opportunities in investment banking and would love to learn more about your background and experience at RBC Capital Markets.
10,Cold Email,"Dear Jill,","I hope your week is going well! My name is Shreyas and I am a rising senior at Bentley University pursuing both a bachelor's and master's degree in finance. I am very interested in pursuing full time opportunities with Leerink Partners. Through my internships in private equity, corporate finance, and equity research—most recently supporting a $100M acquisition at Thesis Capital Partners—I’ve developed strong financial modeling and investment analysis skills that I’m excited to possibly bring to the team. I’d love the opportunity to introduce myself further and learn more about potential opportunities at Leerink. Would you be open to a brief call at your convenience?",Thank you for your time and consideration. I look forward to connecting with you!,"Best, Shreyas",N,hope week is going name is shreyas and am a rising senior at bentley university pursuing both a and degree in am very interested in pursuing full time opportunities with leerink through internships in private corporate and equity recently supporting a acquisition at thesis capital developed strong financial modeling and investment analysis skills that excited to possibly bring to the love the opportunity to introduce further and learn more about potential opportunities at would be open to a brief call at,",: Best, Shreyas. I hope your week is going well! Conclusion: Best, Shreyas. I am a rising senior at Bentley University pursuing both a bachelor's and master's degree in finance. I am very interested in pursuing full time opportunities with Leerink Partners."
11,Cold Email,"Hi Kevin,","I hope you've had a great week thus far. My name is Shreyas and I am a rising senior studying finance at Bentley University. I am interested in pursuing full time opportunities in investment banking risk management and would love to learn more about your background and experience at J.P. Morgan. If you have the time, I would greatly appreciate the chance to connect over the phone sometime in the coming weeks. I assume your schedule is very busy, so please let me know if you have any availability in the near future.",Thank you in advance for your time and I look forward to hearing from you!,"Best, Shreyas",N,hope had a great week thus name is shreyas and am a rising senior studying finance at bentley am interested in pursuing full time opportunities in investment banking risk management and would love to learn more about background and experience at if have the would greatly appreciate the chance to connect over the phone sometime in the coming assume schedule is very so please let know if have any availability in the near,"Hi Kevin, Body: I hope you've had a great week thus far. My name is Shreyas and I am a rising senior studying finance at Bentley University. I am interested in pursuing full time opportunities in investment banking risk management and would love to learn more about your background and experience at J.P. Morgan."
12,Cold Email,"Dear Shavon,","I hope your week is going well! My name is Shreyas and I am a rising senior at Bentley University pursuing both a bachelor's and master's degree in finance. I am very interested in pursuing full time opportunities in Asset & Wealth Management with J.P. Morgan. Through my internships in private equity, corporate finance, and equity research—most recently supporting a $100M acquisition at Thesis Capital Partners—I’ve developed strong financial modeling and investment analysis skills that I’m excited to possibly bring to the team. I’d love the opportunity to introduce myself further and learn more about potential opportunities at J.P. Morgan. Would you be open to a brief call at your convenience?",Thank you for your time and consideration. I look forward to connecting with you!,"Best, Shreyas",N,hope week is going name is shreyas and am a rising senior at bentley university pursuing both a and degree in am very interested in pursuing full time opportunities in asset wealth management with through internships in private corporate and equity recently supporting a acquisition at thesis capital developed strong financial modeling and investment analysis skills that excited to possibly bring to the love the opportunity to introduce further and learn more about potential opportunities at would be open to a brief call at,",: Best, Shreyas, Body: I hope your week is going well! Conclusion: Best, Shreyas, Body: I hope your week is going well! Conclusion: Best, Shreyas, Body: I hope your week is going well! I am a rising senior at Bentley University pursuing both a bachelor's and master's degree in finance. I am very interested in pursuing full time opportunities in Asset & Wealth Management with J.P. Morgan."
13,Cold Email,"Hi Ryan,","I hope you've had a great week thus far. My name is Shreyas and I am a rising senior studying finance at Bentley University. I am interested in pursuing full time opportunities in investment banking and would love to learn more about your background and how you were able to break into investment banking after being in equity research for a while. If you have the time, I would greatly appreciate the chance to connect over the phone sometime in the coming weeks. I assume your schedule is very busy, so please let me know if you have any availability in the near future.",Thank you in advance for your time and I look forward to hearing from you!,"Best, Shreyas",N,hope had a great week thus name is shreyas and am a rising senior studying finance at bentley am interested in pursuing full time opportunities in investment banking and would love to learn more about background and how were able to break into investment banking after being in equity research for a if have the would greatly appreciate the chance to connect over the phone sometime in the coming assume schedule is very so please let know if have any availability in the near,"Hi Ryan, Body: I hope you've had a great week thus far. My name is Shreyas and I am a rising senior studying finance at Bentley University. I am interested in pursuing full time opportunities in investment banking and would love to learn more about your background and how you were able to break into investment banking after being in equity research for a while."
14,Cold Email,"Hi Brian,","I hope you've had a great week thus far. My name is Shreyas and I am a rising senior studying finance at Bentley University. I am interested in pursuing full time opportunities in investment banking and would love to learn more about your background and experience at Houlihan Lokey. If you have the time, I would greatly appreciate the chance to connect over the phone sometime in the coming weeks. I assume your schedule is very busy, so please let me know if you have any availability in the near future.",Thank you in advance for your time and I look forward to hearing from you!,"Best, Shreyas",N,hope had a great week thus name is shreyas and am a rising senior studying finance at bentley am interested in pursuing full time opportunities in investment banking and would love to learn more about background and experience at houlihan if have the would greatly appreciate the chance to connect over the phone sometime in the coming assume schedule is very so please let know if have any availability in the near,"Hi Brian, Body: I hope you've had a great week thus far. My name is Shreyas and I am a rising senior studying finance at Bentley University. I am interested in pursuing full time opportunities in investment banking and would love to learn more about your background and experience at Houlihan Lokey."
15,Cold Email,"Hi Theo,","I hope you've had a great week thus far. My name is Shreyas and I am a rising senior studying finance at Bentley University. I am interested in pursuing full time opportunities in investment banking and would love to learn more about your background and experience at Houlihan Lokey. If you have the time, I would greatly appreciate the chance to connect over the phone sometime in the coming weeks. I assume your schedule is very busy, so please let me know if you have any availability in the near future.",Thank you in advance for your time and I look forward to hearing from you!,"Best, Shreyas",N,hope had a great week thus name is shreyas and am a rising senior studying finance at bentley am interested in pursuing full time opportunities in investment banking and would love to learn more about background and experience at houlihan if have the would greatly appreciate the chance to connect over the phone sometime in the coming assume schedule is very so please let know if have any availability in the near,"Hi Theo, Body: I hope you've had a great week thus far. My name is Shreyas and I am a rising senior studying finance at Bentley University. I am interested in pursuing full time opportunities in investment banking and would love to learn more about your background and experience at Houlihan Lokey."
16,Cold Email,"Hi Isabelle,","I hope you've had a great week thus far. My name is Shreyas and I am a rising senior studying finance at Bentley University. I also recently interned at Citizens in the FACT program. I am interested in pursuing full time opportunities in investment banking and would love to learn more about your background and experience in Debt Capital Markets at Citizens Bank. If you have the time, I would greatly appreciate the chance to connect over the phone sometime in the coming weeks. I assume your schedule is very busy, so please let me know if you have any availability in the near future.",Thank you in advance for your time and I look forward to hearing from you!,"Best, Shreyas",N,hope had a great week thus name is shreyas and am a rising senior studying finance at bentley also recently interned at citizens in the fact am interested in pursuing full time opportunities in investment banking and would love to learn more about background and experience in debt capital markets at citizens if have the would greatly appreciate the chance to connect over the phone sometime in the coming assume schedule is very so please let know if have any availability in the near,I hope you've had a great week thus far. My name is Shreyas and I am a rising senior studying finance at Bentley University. I also recently interned at Citizens in the FACT program. I am interested in pursuing full time opportunities in investment banking and would love to learn more about your background and experience in Debt Capital Markets at Citizens Bank.
17,Cold Email,"Hi Brandon,","My name is Shreyas, and I am a rising senior at Bentley University pursuing both my bachelor's and master's degrees in finance. I'm very interested in the field of investment banking and was wondering if you had some free time in the next couple weeks to set up a quick call about investment banking at RBC Capital Markets, your journey and any advice you may have for a student looking to enter this area full time.",I have attached my resume for your reference. Please let me know what times work best for you as I am happy to work around your schedule. I look forward to hearing from you!,"Best, Shreyas",N,name is and am a rising senior at bentley university pursuing both and degrees in very interested in the field of investment banking and was wondering if had some free time in the next couple weeks to set up a quick call about investment banking at rbc capital journey and any advice may have for a student looking to enter this area full,"Introduction: Hi Brandon, Body: My name is Shreyas, and I am a rising senior at Bentley University pursuing both my bachelor's and master's degrees in finance. I'm very interested in the field of investment banking and was wondering if you had some free time in the next couple weeks to set up a quick call about investment banking at RBC Capital Markets."
18,Cold Email,"Hi Jack,","I hope you've had a great week thus far. My name is Shreyas and I am a rising senior studying finance at Bentley University. I am interested in pursuing full time opportunities in investment banking and would love to learn more about your background and experience at Aeris Partners. If you have the time, I would greatly appreciate the chance to connect over the phone sometime in the coming weeks. I assume your schedule is very busy, so please let me know if you have any availability in the near future.",Thank you in advance for your time and I look forward to hearing from you!,"Best, Shreyas",N,hope had a great week thus name is shreyas and am a rising senior studying finance at bentley am interested in pursuing full time opportunities in investment banking and would love to learn more about background and experience at aeris if have the would greatly appreciate the chance to connect over the phone sometime in the coming assume schedule is very so please let know if have any availability in the near,"Hi Jack, Body: I hope you've had a great week thus far. My name is Shreyas and I am a rising senior studying finance at Bentley University. I am interested in pursuing full time opportunities in investment banking and would love to learn more about your background and experience at Aeris Partners."
19,Cold Email,"I hope you're doing well! My name is Shreyas Kumar, a rising senior at Bentley University pursuing a bachelor’s and master’s in finance. I attended Alok Nemani’s class, where you spoke earlier this year, and your presentation sparked my interest in equity research.","I’d love the opportunity to chat about your career and get your advice on breaking into the field. I’ll be in New York this Thursday and Friday and would be thrilled to meet in person if you're available. If not, a call in the coming weeks works just as well. My schedule is very flexible so please let me know what time works best for you and I'll make it work.","Thanks so much for your time, and I look forward to hearing from you! Best,",Shreyas,N,love the opportunity to chat about career and get advice on breaking into the be in new york this thursday and friday and would be thrilled to meet in person if if a call in the coming weeks works just as schedule is very flexible so please let know what time works best for and make,"Kumar, a rising senior at Bentley University, is pursuing a bachelor’s and master’s in finance. Introduction: I hope you're doing well! I hope you're doing well! I hope you're doing well! I hope you're doing well! I hope you're doing well! I hope you're doing well! I'd love the opportunity to chat about your career and get your advice on breaking into the field."
20,Cold Email,"Hi Lisa,","I hope you've had a great week thus far. My name is Shreyas, and I am a rising senior studying finance at Bentley University. I am interested in pursuing full-time opportunities in investment banking and would love to learn more about your background and experience at PJT Partners. If you have the time, I would greatly appreciate the chance to connect over the phone sometime in the coming weeks. Additionally, since you're based in Boston, I would be more than happy to meet in person at a time convenient for you. I understand your schedule is very busy, so please let me know if you have any availability in the near future.","Thank you in advance for your time, and I look forward to hearing from you!","Best regards, Shreyas",Y,hope had a great week thus name is and am a rising senior studying finance at bentley am interested in pursuing opportunities in investment banking and would love to learn more about background and experience at pjt if have the would greatly appreciate the chance to connect over the phone sometime in the coming since based in would be more than happy to meet in person at a time convenient for understand schedule is very so please let know if have any availability in the near,"Hi Lisa, Body: I hope you've had a great week thus far. My name is Shreyas, and I am a rising senior studying finance at Bentley University. I am interested in pursuing full-time opportunities in investment banking and would love to learn more about your background and experience at PJT Partners."
21,Cold Email,"Dear Mr. Byers,","I hope you've had a great week thus far. My name is Shreyas and I am a rising senior studying finance at Bentley University. I am interested in pursuing full time opportunities in investment banking and would love to learn more about your background and experience at Baird. If you have the time, I would greatly appreciate the chance to connect over the phone sometime in the coming weeks. I assume your schedule is very busy, so please let me know if you have any availability in the near future.",Thank you in advance for your time and I look forward to hearing from you!,"Best, Shreyas",N,hope had a great week thus name is shreyas and am a rising senior studying finance at bentley am interested in pursuing full time opportunities in investment banking and would love to learn more about background and experience at if have the would greatly appreciate the chance to connect over the phone sometime in the coming assume schedule is very so please let know if have any availability in the near,", Body: I hope you've had a great week thus far. I am a rising senior studying finance at Bentley University. I am interested in pursuing full time opportunities in investment banking and would love to learn more about your background and experience at Baird."
22,Cold Email,"Hi Solene,","I hope you've had a great week thus far. My name is Shreyas and I am a rising senior studying finance at Bentley University. I also recently interned at Citizens in the FACT program. I am interested in pursuing full time opportunities in investment banking and would love to learn more about your background and experience in Debt Capital Markets at Citizens Bank. If you have the time, I would greatly appreciate the chance to connect over the phone sometime in the coming weeks. I assume your schedule is very busy, so please let me know if you have any availability in the near future.",Thank you in advance for your time and I look forward to hearing from you!,"Best, Shreyas",Y,hope had a great week thus name is shreyas and am a rising senior studying finance at bentley also recently interned at citizens in the fact am interested in pursuing full time opportunities in investment banking and would love to learn more about background and experience in debt capital markets at citizens if have the would greatly appreciate the chance to connect over the phone sometime in the coming assume schedule is very so please let know if have any availability in the near,"Hi Solene, Body: I hope you've had a great week thus far. My name is Shreyas and I am a rising senior studying finance at Bentley University. I also recently interned at Citizens in the FACT program. I am interested in pursuing full time opportunities in investment banking and would love to learn more about your background and experience in Debt Capital Markets at Citizens Bank."
23,Cold Email,"Hi Rishi,","I hope you've had a great week thus far. My name is Shreyas and I am a rising senior studying finance at Bentley University. I am interested in pursuing full time opportunities in investment banking and would love to learn more about your background and experience at RBC Capital Markets. If you have the time, I would greatly appreciate the chance to connect over the phone sometime in the coming weeks. I assume your schedule is very busy, so please let me know if you have any availability in the near future.",Thank you in advance for your time and I look forward to hearing from you!,"Best, Shreyas",Y,hope had a great week thus name is shreyas and am a rising senior studying finance at bentley am interested in pursuing full time opportunities in investment banking and would love to learn more about background and experience at rbc capital if have the would greatly appreciate the chance to connect over the phone sometime in the coming assume schedule is very so please let know if have any availability in the near,"Hi Rishi, Body: I hope you've had a great week thus far. My name is Shreyas and I am a rising senior studying finance at Bentley University. I am interested in pursuing full time opportunities in investment banking and would love to learn more about your background and experience at RBC Capital Markets."
24,Cold Email,"Hi Julius,","I hope you've had a great week thus far. My name is Shreyas and I am a rising senior studying finance at Bentley University. I am interested in pursuing full time opportunities in Asset & Wealth Management and would love to learn more about your background and experience at J.P. Morgan. If you have the time, I would greatly appreciate the chance to connect over the phone sometime in the coming weeks. I assume your schedule is very busy, so please let me know if you have any availability in the near future.",Thank you in advance for your time and I look forward to hearing from you!,"Best, Shreyas",Y,hope had a great week thus name is shreyas and am a rising senior studying finance at bentley am interested in pursuing full time opportunities in asset wealth management and would love to learn more about background and experience at if have the would greatly appreciate the chance to connect over the phone sometime in the coming assume schedule is very so please let know if have any availability in the near,I hope you've had a great week thus far. My name is Shreyas and I am a rising senior studying finance at Bentley University. I am interested in pursuing full time opportunities in Asset & Wealth Management and would love to learn more about your background and experience at J.P. Morgan.
25,Cold Email,"Hi Delaina,","I hope you've had a great week thus far. My name is Shreyas and I am a rising senior studying finance at Bentley University. I am interested in pursuing full time opportunities in investment banking credit and would love to learn more about your background and experience at J.P. Morgan. If you have the time, I would greatly appreciate the chance to connect over the phone sometime in the coming weeks. I assume your schedule is very busy, so please let me know if you have any availability in the near future.",Thank you in advance for your time and I look forward to hearing from you!,"Best, Shreyas",Y,hope had a great week thus name is shreyas and am a rising senior studying finance at bentley am interested in pursuing full time opportunities in investment banking credit and would love to learn more about background and experience at if have the would greatly appreciate the chance to connect over the phone sometime in the coming assume schedule is very so please let know if have any availability in the near,I hope you've had a great week thus far. I hope you've had a great week thus far. I am a rising senior studying finance at Bentley University. I am interested in pursuing full time opportunities in investment banking credit and would love to learn more about your background and experience at J.P. Morgan.
26,Cold Email,"Dear Mr. Choudhury,","I hope you've had a great week thus far. My name is Shreyas and I am a rising senior studying finance at Bentley University. I am interested in pursuing full time opportunities in Asset & Wealth Management and would love to learn more about your extensive background and experience at J.P. Morgan. If you have the time, I would greatly appreciate the chance to connect over the phone sometime in the coming weeks. I assume your schedule is very busy, so please let me know if you have any availability in the near future.",Thank you in advance for your time and I look forward to hearing from you!,"Best, Shreyas",N,hope had a great week thus name is shreyas and am a rising senior studying finance at bentley am interested in pursuing full time opportunities in asset wealth management and would love to learn more about extensive background and experience at if have the would greatly appreciate the chance to connect over the phone sometime in the coming assume schedule is very so please let know if have any availability in the near,", Body: I hope you've had a great week thus far. I am a rising senior studying finance at Bentley University. I am interested in pursuing full time opportunities in Asset & Wealth Management and would love to learn more about your extensive background and experience at J.P. Morgan."
27,Cold Email,"Hi Jose,","I hope you've had a great week thus far. My name is Shreyas and I am a rising senior studying finance at Bentley University. I am interested in pursuing full time opportunities in investment banking and would love to learn more about your background and experience at Houlihan Lokey. If you have the time, I would greatly appreciate the chance to connect over the phone sometime in the coming weeks. I assume your schedule is very busy, so please let me know if you have any availability in the near future.",Thank you in advance for your time and I look forward to hearing from you!,"Best, Shreyas",N,hope had a great week thus name is shreyas and am a rising senior studying finance at bentley am interested in pursuing full time opportunities in investment banking and would love to learn more about background and experience at houlihan if have the would greatly appreciate the chance to connect over the phone sometime in the coming assume schedule is very so please let know if have any availability in the near,"Hi Jose, Body: I hope you've had a great week thus far. My name is Shreyas and I am a rising senior studying finance at Bentley University. I am interested in pursuing full time opportunities in investment banking and would love to learn more about your background and experience at Houlihan Lokey."
28,Cold Email,"Hi Malgorzata,","I hope you've had a great week thus far. My name is Shreyas and I am a rising senior studying finance at Bentley University. I am interested in pursuing full time opportunities in Asset & Wealth Management and would love to learn more about your background and experience at J.P. Morgan. If you have the time, I would greatly appreciate the chance to connect over the phone sometime in the coming weeks. I assume your schedule is very busy, so please let me know if you have any availability in the near future.",Thank you in advance for your time and I look forward to hearing from you!,"Best, Shreyas",N,hope had a great week thus name is shreyas and am a rising senior studying finance at bentley am interested in pursuing full time opportunities in asset wealth management and would love to learn more about background and experience at if have the would greatly appreciate the chance to connect over the phone sometime in the coming assume schedule is very so please let know if have any availability in the near,"Hi Malgorzata, Body: I hope you've had a great week thus far. My name is Shreyas and I am a rising senior studying finance at Bentley University. I am interested in pursuing full time opportunities in Asset & Wealth Management and would love to learn more about your background and experience at J.P. Morgan."
29,Cold Email,"Dear Emma,","I hope your week is going well! My name is Shreyas and I am a rising senior at Bentley University pursuing both a bachelor's and master's degree in finance. I am very interested in pursuing full time opportunities with Morgan Stanley, particularly in Boston. Through my internships in private equity, corporate finance, and equity research—most recently supporting a $100M acquisition at Thesis Capital Partners—I’ve developed strong financial modeling and investment analysis skills that I’m excited to possibly bring to the team. I’d love the opportunity to introduce myself further and learn more about potential opportunities at Morgan Stanley. Would you be open to a brief call at your convenience?",Thank you for your time and consideration. I look forward to connecting with you!,"Best, Shreyas",N,hope week is going name is shreyas and am a rising senior at bentley university pursuing both a and degree in am very interested in pursuing full time opportunities with morgan particularly in through internships in private corporate and equity recently supporting a acquisition at thesis capital developed strong financial modeling and investment analysis skills that excited to possibly bring to the love the opportunity to introduce further and learn more about potential opportunities at morgan would be open to a brief call at,",: Best, Shreyas, and I hope your week is going well! Conclusion: Best, Shreyas, and I am a rising senior at Bentley University pursuing both a bachelor's and master's degree in finance. I am very interested in pursuing full time opportunities with Morgan Stanley, particularly in Boston."
30,Cold Email,"Dear Danielle,","I hope your week is going well! My name is Shreyas and I am a rising senior at Bentley University pursuing both a bachelor's and master's degree in finance. I am very interested in pursuing full time opportunities in investment banking with Lazard, particularly in Boston. Through my internships in private equity, corporate finance, and equity research—most recently supporting a $100M acquisition at Thesis Capital Partners—I’ve developed strong financial modeling and investment analysis skills that I’m excited to possibly bring to the team. I’d love the opportunity to introduce myself further and learn more about potential opportunities at Lazard. Would you be open to a brief call at your convenience?",Thank you for your time and consideration. I look forward to connecting with you!,"Best, Shreyas",N,hope week is going name is shreyas and am a rising senior at bentley university pursuing both a and degree in am very interested in pursuing full time opportunities in investment banking with particularly in through internships in private corporate and equity recently supporting a acquisition at thesis capital developed strong financial modeling and investment analysis skills that excited to possibly bring to the love the opportunity to introduce further and learn more about potential opportunities at would be open to a brief call at,",: I hope your week is going well!,! Your email address:: email: Introduction: Dear Danielle, Body: I hope your week is going well! in finance. I am a rising senior at Bentley University pursuing both a bachelor's and master's degree in finance. I am very interested in pursuing full time opportunities in investment banking with Lazard, particularly in Boston."
31,Cold Email,"Hi Mitchell,","I hope you've had a great week thus far. My name is Shreyas and I am a rising senior studying finance at Bentley University. I am interested in pursuing full time opportunities in investment banking and would love to learn more about your background and experience at Scotiabank. If you have the time, I would greatly appreciate the chance to connect over the phone sometime in the coming weeks. I assume your schedule is very busy, so please let me know if you have any availability in the near future.",Thank you in advance for your time and I look forward to hearing from you!,"Best, Shreyas",Y,hope had a great week thus name is shreyas and am a rising senior studying finance at bentley am interested in pursuing full time opportunities in investment banking and would love to learn more about background and experience at if have the would greatly appreciate the chance to connect over the phone sometime in the coming assume schedule is very so please let know if have any availability in the near,"Hi Mitchell, Body: I hope you've had a great week thus far. My name is Shreyas and I am a rising senior studying finance at Bentley University. I am interested in pursuing full time opportunities in investment banking and would love to learn more about your background and experience at Scotiabank."
32,Cold Email,"Hi Ryan,","I hope you've had a great week thus far. My name is Shreyas and I am a rising senior studying finance at Bentley University. I am interested in pursuing full time opportunities in investment banking and would love to learn more about your background and experience at Houlihan Lokey. If you have the time, I would greatly appreciate the chance to connect over the phone sometime in the coming weeks. I assume your schedule is very busy, so please let me know if you have any availability in the near future.",Thank you in advance for your time and I look forward to hearing from you!,"Best, Shreyas",N,hope had a great week thus name is shreyas and am a rising senior studying finance at bentley am interested in pursuing full time opportunities in investment banking and would love to learn more about background and experience at houlihan if have the would greatly appreciate the chance to connect over the phone sometime in the coming assume schedule is very so please let know if have any availability in the near,"Hi Ryan, Body: I hope you've had a great week thus far. My name is Shreyas and I am a rising senior studying finance at Bentley University. I am interested in pursuing full time opportunities in investment banking and would love to learn more about your background and experience at Houlihan Lokey."
33,Cold Email,"Hi Caitlin,","I hope you've had a great week thus far. My name is Shreyas and I am a rising senior studying finance at Bentley University. I am interested in pursuing full time opportunities in investment banking and would love to learn more about your background and experience at Aeris Partners. If you have the time, I would greatly appreciate the chance to connect over the phone sometime in the coming weeks. I assume your schedule is very busy, so please let me know if you have any availability in the near future.",Thank you in advance for your time and I look forward to hearing from you!,"Best, Shreyas",N,hope had a great week thus name is shreyas and am a rising senior studying finance at bentley am interested in pursuing full time opportunities in investment banking and would love to learn more about background and experience at aeris if have the would greatly appreciate the chance to connect over the phone sometime in the coming assume schedule is very so please let know if have any availability in the near,"Hi Caitlin, Body: I hope you've had a great week thus far. My name is Shreyas and I am a rising senior studying finance at Bentley University. I am interested in pursuing full time opportunities in investment banking and would love to learn more about your background and experience at Aeris Partners."
34,Cold Email,"Dear Ellis,","I hope your week is going well! My name is Shreyas and I am a rising senior at Bentley University pursuing both a bachelor's and master's degree in finance. I am very interested in pursuing full time opportunities in Asset Management with Morgan Stanley, particularly in Boston. Through my internships in private equity, corporate finance, and equity research—most recently supporting a $100M acquisition at Thesis Capital Partners—I’ve developed strong financial modeling and investment analysis skills that I’m excited to possibly bring to the team. I’d love the opportunity to introduce myself further and learn more about potential opportunities at Morgan Stanley. Would you be open to a brief call at your convenience?",Thank you for your time and consideration. I look forward to connecting with you!,"Best, Shreyas",N,hope week is going name is shreyas and am a rising senior at bentley university pursuing both a and degree in am very interested in pursuing full time opportunities in asset management with morgan particularly in through internships in private corporate and equity recently supporting a acquisition at thesis capital developed strong financial modeling and investment analysis skills that excited to possibly bring to the love the opportunity to introduce further and learn more about potential opportunities at morgan would be open to a brief call at,",: Best, Shreyas, Body: I hope your week is going well! Conclusion: Best, Shreyas, Body: I hope your week is going well! I am a rising senior at Bentley University pursuing both a bachelor's and master's degree in finance. I am very interested in pursuing full time opportunities in Asset Management with Morgan Stanley, particularly in Boston."
35,Cold Email,"Dear Steven,","I hope your week is going well! My name is Shreyas and I am a rising senior at Bentley University pursuing both a bachelor's and master's degree in finance. I am very interested in pursuing full time opportunities in investment banking with PJT Partners, particularly in Boston. Through my internships in private equity, corporate finance, and equity research—most recently supporting a $100M acquisition at Thesis Capital Partners—I’ve developed strong financial modeling and investment analysis skills that I’m excited to possibly bring to the team. I’d love the opportunity to introduce myself further and learn more about potential opportunities at PJT Partners. Would you be open to a brief call at your convenience?",Thank you for your time and consideration. I look forward to connecting with you!,"Best, Shreyas",N,hope week is going name is shreyas and am a rising senior at bentley university pursuing both a and degree in am very interested in pursuing full time opportunities in investment banking with pjt particularly in through internships in private corporate and equity recently supporting a acquisition at thesis capital developed strong financial modeling and investment analysis skills that excited to possibly bring to the love the opportunity to introduce further and learn more about potential opportunities at pjt would be open to a brief call at,",: Best, Shreyas, and I hope your week is going well! Conclusion: Best, Shreyas, Shreyas, and I am a rising senior at Bentley University pursuing both a bachelor's and master's degree in finance. I am very interested in pursuing full time opportunities in investment banking with PJT Partners, particularly in Boston."
36,Cold Email,"Hi Paul,","I hope you're having a great day so far! My name is Shreyas Kumar and I am a junior pursuing both my bachelor's and master's degree in finance at Bentley University. I am eager to enter the investment banking industry full time and would be grateful for the opportunity to speak with you about your experiences at Wells Fargo. I was wondering whether you would be available for a ~10-15 minute phone call in the coming weeks. I understand you must be very busy, but if you're willing, I'd be more than happy to find a time that works best for your schedule.",I have attached my resume for your reference. Thank you for your time and consideration!,"Best, Shreyas",N,hope having a great day so name is shreyas kumar and am a junior pursuing both and degree in finance at bentley am eager to enter the investment banking industry full time and would be grateful for the opportunity to speak with about experiences at wells was wondering whether would be available for a minute phone call in the coming understand must be very but if be more than happy to find a time that works best for,I hope you're having a great day so far! I am a junior pursuing both my bachelor's and master's degree in finance at Bentley University. I am eager to enter the investment banking industry full time and would be grateful for the opportunity to speak with you about your experiences at Wells Fargo.
37,Cold Email,"Hi Paul,","I hope you're having a great day so far! My name is Shreyas Kumar and I am a junior pursuing both my bachelor's and master's degree in finance at Bentley University. I am eager to enter the investment banking industry full time and would be grateful for the opportunity to speak with you about your experiences at Wells Fargo. I was wondering whether you would be available for a ~10-15 minute phone call in the coming weeks. I understand you must be very busy, but if you're willing, I'd be more than happy to find a time that works best for your schedule.",I have attached my resume for your reference. Thank you for your time and consideration!,"Best, Shreyas",N,hope having a great day so name is shreyas kumar and am a junior pursuing both and degree in finance at bentley am eager to enter the investment banking industry full time and would be grateful for the opportunity to speak with about experiences at wells was wondering whether would be available for a minute phone call in the coming understand must be very but if be more than happy to find a time that works best for,I hope you're having a great day so far! I am a junior pursuing both my bachelor's and master's degree in finance at Bentley University. I am eager to enter the investment banking industry full time and would be grateful for the opportunity to speak with you about your experiences at Wells Fargo.
38,Cold Email,"Hi Chris,","I hope you're having a great day so far! My name is Shreyas Kumar and I am a junior pursuing both my bachelor's and master's degree in finance at Bentley University. I am eager to enter the investment banking industry fulltime and would be grateful for the opportunity to speak with you about your experiences at Wells Fargo. I was wondering whether you would be available for a ~10-15 minute phone call in the coming weeks. I understand you must be very busy, but if you're willing, I'd be more than happy to find a time that works best for your schedule.",I have attached my resume for your reference. Thank you for your time and consideration!,"Best, Shreyas",Y,hope having a great day so name is shreyas kumar and am a junior pursuing both and degree in finance at bentley am eager to enter the investment banking industry fulltime and would be grateful for the opportunity to speak with about experiences at wells was wondering whether would be available for a minute phone call in the coming understand must be very but if be more than happy to find a time that works best for,I hope you're having a great day so far! I am a junior pursuing both my bachelor's and master's degree in finance at Bentley University. I am eager to enter the investment banking industry fulltime and would be grateful for the opportunity to speak with you about your experiences at Wells Fargo.
39,Cold Email,"Hi Anthony,","My name is Shreyas, and I am a rising senior at Bentley University pursuing both my bachelor's and master's degrees in finance. I'm very interested in the field of investment banking and was wondering if you had some free time in the next couple weeks to set up a quick call about investment banking at Scotiabank, your journey and any advice you may have for a student looking to enter this area full time.",I have attached my resume for your reference. Please let me know what times work best for you as I am happy to work around your schedule. I look forward to hearing from you!,"Best, Shreyas",Y,name is and am a rising senior at bentley university pursuing both and degrees in very interested in the field of investment banking and was wondering if had some free time in the next couple weeks to set up a quick call about investment banking at journey and any advice may have for a student looking to enter this area full,"Introduction: Hi Anthony, Body: My name is Shreyas, and I am a rising senior at Bentley University pursuing both my bachelor's and master's degrees in finance. I'm very interested in the field of investment banking and was wondering if you had some free time in the next couple weeks to set up a quick call about investment banking at Scotiabank."
40,Cold Email,"Hi Susan,","I hope you're having a great week so far! My name is Shreyas, and I recently applied for the 2025 Mergers & Acquisitions Analyst at Kroll Inc. I am very enthusiastic about the opportunity to join and contribute to the investment banking team at Kroll. I am reaching out to see if you could provide more details about the typical timeline for the recruitment process and any next steps I should anticipate? Thank you in advance for your time and consideration. I've attached my resume for your reference. I look forward to hearing from you!","Best,",Shreyas,N,hope having a great week so name is and recently applied for the mergers acquisitions analyst at kroll am very enthusiastic about the opportunity to join and contribute to the investment banking team at am reaching out to see if could provide more details about the typical timeline for the recruitment process and any next steps should thank in advance for time and attached resume for look forward to hearing from,"I hope you're having a great week so far! Hi Susan, Body: I hope you're having a great week so far! I am very enthusiastic about the opportunity to join and contribute to the investment banking team at Kroll Inc."
41,Cold Email,"Hi Christin,","I hope you're having a great day so far! My name is Shreyas Kumar and I am a junior pursuing both my bachelor's and master's degree in finance at Bentley University. I am eager to enter the investment banking industry full time and would be grateful for the opportunity to speak with you about your experiences at William Blair. I was wondering whether you would be available for a ~10-15 minute phone call in the coming weeks. I understand you must be very busy, but if you're willing, I'd be more than happy to find a time that works best for your schedule.",I have attached my resume for your reference. Thank you for your time and consideration!,"Best, Shreyas",N,hope having a great day so name is shreyas kumar and am a junior pursuing both and degree in finance at bentley am eager to enter the investment banking industry full time and would be grateful for the opportunity to speak with about experiences at william was wondering whether would be available for a minute phone call in the coming understand must be very but if be more than happy to find a time that works best for,I hope you're having a great day so far! I am a junior pursuing both my bachelor's and master's degree in finance at Bentley University. I am eager to enter the investment banking industry full time and would be grateful for the opportunity to speak with you about your experiences at William Blair.
42,Cold Email,"Hi Roman,","I hope you're having a great day so far! My name is Shreyas Kumar and I am a junior pursuing both my bachelor's and master's degree in finance at Bentley University. I am eager to enter the investment banking industry full time and would be grateful for the opportunity to speak with you about your experiences at Fifth Third Securities. I was wondering whether you would be available for a ~10-15 minute phone call in the coming weeks. I understand you must be very busy, but if you're willing, I'd be more than happy to find a time that works best for your schedule.",I have attached my resume for your reference. Thank you for your time and consideration!,"Best, Shreyas",N,hope having a great day so name is shreyas kumar and am a junior pursuing both and degree in finance at bentley am eager to enter the investment banking industry full time and would be grateful for the opportunity to speak with about experiences at fifth third was wondering whether would be available for a minute phone call in the coming understand must be very but if be more than happy to find a time that works best for,I hope you're having a great day so far! I am a junior pursuing both my bachelor's and master's degree in finance at Bentley University. I am eager to enter the investment banking industry full time and would be grateful for the opportunity to speak with you about your experiences at Fifth Third Securities.
43,Cold Email,"Hi Julius,","My name is Shreyas, and I am a rising senior at Bentley University pursuing both my bachelor's and master's degrees in finance. I'm very interested in the field of investment banking and was wondering if you had some free time in the next couple weeks to set up a quick call about investment banking at RBC Capital Markets, your journey and any advice you may have for a student looking to enter this area full time.",I have attached my resume for your reference. Please let me know what times work best for you as I am happy to work around your schedule. I look forward to hearing from you!,"Best, Shreyas",Y,name is and am a rising senior at bentley university pursuing both and degrees in very interested in the field of investment banking and was wondering if had some free time in the next couple weeks to set up a quick call about investment banking at rbc capital journey and any advice may have for a student looking to enter this area full,I am a rising senior at Bentley University pursuing both my bachelor's and master's degrees in finance. I'm very interested in the field of investment banking and was wondering if you had some free time in the next couple weeks to set up a quick call about investment banking at RBC Capital Markets.
44,Cold Email,"Hi Tye,","My name is Shreyas, and I am a rising senior at Bentley University pursuing both my bachelor's and master's degrees in finance. I'm very interested in the field of investment banking and was wondering if you had some free time in the next couple weeks to set up a quick call about investment banking at RBC Capital Markets, your journey and any advice you may have for a student looking to enter this area full time.",I have attached my resume for your reference. Please let me know what times work best for you as I am happy to work around your schedule. I look forward to hearing from you!,"Best, Shreyas",Y,name is and am a rising senior at bentley university pursuing both and degrees in very interested in the field of investment banking and was wondering if had some free time in the next couple weeks to set up a quick call about investment banking at rbc capital journey and any advice may have for a student looking to enter this area full,"Hi Tye, Body: My name is Shreyas, and I am a rising senior at Bentley University pursuing both my bachelor's and master's degrees in finance. I'm very interested in the field of investment banking and was wondering if you had some free time in the next couple weeks to set up a quick call about investment banking at RBC Capital Markets."
45,Cold Email,"Hi Joohwan,","I hope this email finds you well! My name is Shreyas and I am a rising senior at Bentley University who found your contact information via LinkedIn. I'm very interested in equity research and was wondering if you had some free time in the next couple weeks to set up a quick call about equity research at Canaccord Genuity, your journey and any advice you may have for a student looking to enter this area full time.",I have attached my resume for your reference. Please let me know what times work best for you as I am happy to work around your schedule. I look forward to hearing from you!,"Best, Shreyas",Y,hope this email finds name is shreyas and am a rising senior at bentley university who found contact information via very interested in equity research and was wondering if had some free time in the next couple weeks to set up a quick call about equity research at canaccord journey and any advice may have for a student looking to enter this area full,", Body: I hope this email finds you well! Introduction: Hi Joohwan, Body: I hope this email finds you well! I am a rising senior at Bentley University who found your contact information via LinkedIn. I'm very interested in equity research and was wondering if you had some free time in the next couple weeks to set up a quick call about equity research at Canaccord Genuity, your journey and any advice you may have for a student looking into this area full time."
46,Cold Email,"Hi Maria,","I hope you're having an excellent morning! My name is Shreyas Kumar, a rising senior at Bentley University pursuing a bachelor's and master's degree in finance concurrently. After speaking with analysts at Santander, I've become very interested in full-time opportunities with the bank's investment banking division. I wanted to ask when full-time applications would open for Santander and what I could do to put myself in the best possible position to be selected for an interview with the bank.",Thank you in advance for your time and consideration. I look forward to hearing from you!,"Best, Shreyas",Y,hope having an excellent name is shreyas a rising senior at bentley university pursuing a and degree in finance after speaking with analysts at become very interested in opportunities with the investment banking wanted to ask when applications would open for santander and what could do to put in the best possible position to be selected for an interview with the,I hope you're having an excellent morning! I hope you're having excellent morning! I hope you're having excellent morning! I've become very interested in full-time opportunities with the bank's investment banking division. I wanted to ask when full-time applications would open for Santander and what I could do to put myself in the best possible position to be selected for an interview with the bank.
47,Cold Email,"Hi Katie,","I hope you're having a great week so far! My name is Shreyas, and I recently applied for the Healthcare Investment Banking Analyst position at Truist Securities in New York. I am very enthusiastic about the opportunity to join and contribute to the investment banking team at Truist. I am reaching out to see if you could provide more details about the typical timeline for the recruitment process and any next steps I should anticipate? Thank you in advance for your time and consideration. I've attached my resume for your reference. I look forward to hearing from you!","Best,",Shreyas,N,hope having a great week so name is and recently applied for the healthcare investment banking analyst position at truist securities in new am very enthusiastic about the opportunity to join and contribute to the investment banking team at am reaching out to see if could provide more details about the typical timeline for the recruitment process and any next steps should thank in advance for time and attached resume for look forward to hearing from,"I hope you're having a great week so far! Hi Katie, Body: I hope you're having a great week so far! I am very enthusiastic about the opportunity to join and contribute to the investment banking team at Truist Securities in New York. I am reaching out to see if you could provide more details about the typical timeline for the recruitment process and any next steps I should anticipate? Thank you in advance for your time and consideration. I am reaching out to see if you could provide more details about the typical timeline for the"
48,Cold Email,"Dear Mr. Young,",I hope your week is going well! My name is Shreyas and I am a rising senior at Bentley University studying finance. I'm eager to launch my career in investment banking and am actively seeking full-time opportunities.,I would love to chat and learn more about your role in the Healthcare group and your overall experiences at Canaccord Genuity. I have also attached my resume for your reference. Please let me know what times work best for you as I am happy to work around your schedule. I look forward to hearing from you!,"Best, Shreyas",N,hope week is going name is shreyas and am a rising senior at bentley university studying eager to launch career in investment banking and am actively seeking,", Body: I hope your week is going well! I hope your week is going well! My name is Shreyas and I am a rising senior at Bentley University studying finance. I'm eager to launch my career in investment banking and am actively seeking full-time opportunities."
49,Cold Email,"Hi Nicole,","I hope you're having a great week so far! My name is Shreyas, and I recently applied for the 2025 Commercial Investment Banking Full Time Analyst Program position in New York. I am very enthusiastic about the opportunity to join and contribute to the investment banking team at J.P. Morgan. I am reaching out to see if you could provide any information about the role or the specific team I would possibly be working with. Thank you in advance for your time and consideration. I've attached my resume for your reference. I look forward to hearing from you!","Best regards,",Shreyas Kumar,N,hope having a great week so name is and recently applied for the commercial investment banking full time analyst program position in new am very enthusiastic about the opportunity to join and contribute to the investment banking team at am reaching out to see if could provide any information about the role or the specific team would possibly be working thank in advance for time and attached resume for look forward to hearing from,"I hope you're having a great week so far! I hope you're having a great week so far! My name is Shreyas, and I recently applied for the 2025 Commercial Investment Banking Full Time Analyst Program position in New York. I am very enthusiastic about the opportunity to join and contribute to the investment banking team at J.P. Morgan. I am reaching out to see if you could provide any information about the role or the specific team I would possibly be working with. Thank you in advance for your time"
